modelo_geracao,estrategia,score_estrutura,score_keywords,score_prioridade,score_semantico,score_total,base_score_total,delta_vs_base,delta_vs_base_pct
Qwen/Qwen2.5-0.5B-Instruct,few_shot,0.6666666666666666,1.0,0.5,0.7962633669376373,0.740732508401076,0.41106154521306354,0.3296709631880124,80.19990364633493
Qwen/Qwen2.5-0.5B-Instruct,estruturado,0.6666666666666666,1.0,0.5,0.7497974634170532,0.7291160325209299,0.41106154521306354,0.3180544873078664,77.37393366314788
Qwen/Qwen2.5-0.5B-Instruct,checklist,1.0,0.16666666666666666,1.0,0.25374220311641693,0.6051022174457709,0.41106154521306354,0.19404067223270732,47.20477371147213
Qwen/Qwen2.5-0.5B-Instruct,base,0.0,0.8333333333333333,0.0,0.8109128475189209,0.41106154521306354,0.41106154521306354,0.0,0.0
google/flan-t5-small,checklist,0.0,1.0,0.0,0.8391142785549164,0.4597785696387291,0.26643383502960205,0.19334473460912704,72.56763563368202
google/flan-t5-small,few_shot,0.0,0.5,0.0,0.6113839149475098,0.27784597873687744,0.26643383502960205,0.01141214370727539,4.283293713806074
google/flan-t5-small,estruturado,0.0,0.5,0.0,0.581788569688797,0.27044714242219925,0.26643383502960205,0.0040133073925971985,1.5063054555932436
google/flan-t5-small,base,0.0,0.5,0.0,0.5657353401184082,0.26643383502960205,0.26643383502960205,0.0,0.0
